CONVERSATION_ID,TRANSCRIPT_TEXT,CUSTOMER_NAME,DEAL_STAGE,SALES_REP,CONVERSATION_DATE,DEAL_VALUE,PRODUCT_LINE
CONV001,"Initial discovery call with TechCorp Inc's IT Director and Solutions Architect. Client showed strong interest in our enterprise solution features, particularly the automated workflow capabilities. The main discussion centered around integration timeline and complexity. They currently use Legacy System X for their core operations and expressed concerns about potential disruption during migration. The team asked detailed questions about API compatibility and data migration tools.

Action items include providing a detailed integration timeline document, scheduling a technical deep-dive with their infrastructure team, and sharing case studies of similar Legacy System X migrations. The client mentioned a Q2 budget allocation for digital transformation initiatives. Overall, it was a positive engagement with clear next steps.",TechCorp Inc,Discovery,Sarah Johnson,2024-01-15 10:30:00.000,75000,Enterprise Suite
CONV002,"Follow-up call with SmallBiz Solutions' Operations Manager and Finance Director. The primary focus was on pricing structure and ROI timeline. They compared our Basic Package pricing with Competitor Y's small business offering. Key discussion points included monthly vs. annual billing options, user license limitations, and potential cost savings from process automation.

The client requested a detailed ROI analysis focusing on time saved in daily operations, resource allocation improvements, and projected efficiency gains. Budget constraints were clearly communicated, with a maximum budget of $30K for this year. They showed interest in starting with the basic package with room for a potential upgrade in Q4. Next steps include providing a competitive analysis and a customized ROI calculator by next week.",SmallBiz Solutions,Negotiation,Mike Chen,2024-01-16 14:45:00.000,25000,Basic Package
CONV003,"Strategy session with SecureBank Ltd's CISO and Security Operations team. Extremely positive 90-minute deep dive into our Premium Security package. Customer emphasized immediate need for implementation due to recent industry compliance updates. Our advanced security features, especially multi-factor authentication and encryption protocols, were identified as perfect fits for their requirements. Technical team was particularly impressed with our zero-trust architecture approach and real-time threat monitoring capabilities. They've already secured budget approval and have executive buy-in. Compliance documentation is ready for review. Action items include: finalizing implementation timeline, scheduling security audit, and preparing necessary documentation for their risk assessment team. Client ready to move forward with contract discussions.",SecureBank Ltd,Closing,Rachel Torres,2024-01-17 11:20:00.000,150000,Premium Security
CONV004,"Comprehensive discovery call with GrowthStart Up's CTO and Department Heads. Team of 500+ employees across 3 continents discussed current challenges with their existing solution. Major pain points identified: system crashes during peak usage, limited cross-department reporting capabilities, and poor scalability for remote teams. Deep dive into their current workflow revealed bottlenecks in data sharing and collaboration. Technical requirements gathered for each department. Platform demo focused on scalability features and global team management capabilities. Client particularly interested in our API ecosystem and custom reporting engine. Next steps: schedule department-specific workflow analysis and prepare detailed platform migration plan.",GrowthStart Up,Discovery,Sarah Johnson,2024-01-18 09:15:00.000,100000,Enterprise Suite
CONV005,"In-depth demo session with DataDriven Co's Analytics team and Business Intelligence managers. Showcase focused on advanced analytics capabilities, custom dashboard creation, and real-time data processing features. Team was particularly impressed with our machine learning integration and predictive analytics models. Competitor comparison requested specifically against Market Leader Z and Innovative Start-up X. Price point falls within their allocated budget range, but team expressed interest in multi-year commitment with corresponding discount structure. Technical questions centered around data warehouse integration and custom visualization capabilities. Action items: prepare detailed competitor feature comparison matrix and draft multi-year pricing proposals with various discount scenarios.",DataDriven Co,Demo,James Wilson,2024-01-19 13:30:00.000,85000,Analytics Pro
CONV006,"Extended technical deep dive with HealthTech Solutions' IT Security team, Compliance Officer, and System Architects. Four-hour session focused on API infrastructure, data security protocols, and compliance requirements. Team raised specific concerns about HIPAA compliance, data encryption standards, and API rate limiting. Detailed discussion of our security architecture, including: end-to-end encryption, audit logging, and disaster recovery protocols. Client requires extensive documentation on compliance certifications, particularly SOC 2 and HITRUST. Security team performed initial architecture review and requested additional information about: database segregation, backup procedures, and incident response protocols. Follow-up session scheduled with their compliance team next week.",HealthTech Solutions,Technical Review,Rachel Torres,2024-01-20 15:45:00.000,120000,Premium Security
CONV007,"Contract review meeting with LegalEase Corp's General Counsel, Procurement Director, and IT Manager. Detailed analysis of SLA terms, focusing on uptime guarantees and support response times. Legal team requested specific modifications to liability clauses and data handling agreements. Procurement raised questions about payment terms and service credit structure. Key discussion points included: disaster recovery commitments, data retention policies, and exit clause specifications. IT Manager confirmed technical requirements are met pending final security assessment. Agreement reached on most terms, with only SLA modifications remaining for discussion. Legal team to provide revised contract language by end of week. Overall positive session with clear path to closing.",LegalEase Corp,Negotiation,Mike Chen,2024-01-21 10:00:00.000,95000,Enterprise Suite
CONV008,"Quarterly business review with GlobalTrade Inc's current implementation team and potential expansion stakeholders. Current implementation in Finance department showcasing strong adoption rates and 40% improvement in processing times. Discussion focused on expanding solution to Operations and HR departments. Users highlighted positive experiences with customer support and platform stability. Challenges identified in current usage: need for additional custom reports and increased automation in workflow processes. Expansion requirements gathered from Operations Director: inventory management integration, supplier portal access, and enhanced tracking capabilities. HR team interested in recruitment and onboarding workflow automation. Next steps: prepare department-specific implementation plans and ROI analysis for expansion.",GlobalTrade Inc,Expansion,James Wilson,2024-01-22 14:20:00.000,45000,Basic Package
CONV009,"Emergency planning session with FastTrack Ltd's Executive team and Project Managers. Critical need for rapid implementation due to current system failure. Team willing to pay premium for expedited deployment and dedicated support team. Detailed discussion of accelerated implementation timeline and resource requirements. Key requirements: minimal disruption to operations, phased data migration, and emergency support protocols. Technical team confident in meeting aggressive timeline with additional resources. Executive sponsor emphasized importance of going live within 30 days. Immediate next steps: finalize expedited implementation plan, assign dedicated support team, and begin emergency onboarding procedures. Team to reconvene daily for progress updates.",FastTrack Ltd,Closing,Sarah Johnson,2024-01-23 16:30:00.000,180000,Premium Security
CONV010,"Quarterly strategic review with UpgradeNow Corp's Department Heads and Analytics team. Current implementation meeting basic needs but team requiring more sophisticated analytics capabilities. Deep dive into current usage patterns revealed opportunities for workflow optimization and advanced reporting needs. Users expressed strong satisfaction with platform stability and basic features, but requiring enhanced data visualization and predictive analytics capabilities. Analytics team presented specific requirements: custom dashboard creation, advanced data modeling tools, and integrated BI features. Discussion about upgrade path from current package to Analytics Pro tier. ROI analysis presented showing potential 60% improvement in reporting efficiency. Team to present upgrade proposal to executive committee next month.",UpgradeNow Corp,Expansion,Rachel Torres,2024-01-24 11:45:00.000,65000,Analytics Pro
